"","aucroc","aupr"
"1",0.914814814814815,0.876804392073384
