"","aucroc","aupr"
"1",0.908417508417508,0.875824908628231
