"","aucroc","aupr"
"1",0.90976430976431,0.884676830363666
