"","aucroc","aupr"
"1",0.926599326599327,0.829959476738141
